0.000000000000000000e+00,0.000000000000000000e+00,4.218429327011108398e-02,-9.710842370986938477e-02,6.396025419235229492e-02,-2.346132397651672363e-01,4.401469230651855469e-02,-3.529423475265502930e-01,1.707518100738525391e-02,-4.400956630706787109e-01,1.252413988113403320e-01,-1.937521100044250488e-01,7.433474063873291016e-02,-3.497518301010131836e-01,2.674186229705810547e-02,-4.292433261871337891e-01,-8.077383041381835938e-03,-4.768723845481872559e-01,7.662862539291381836e-02,-1.537826061248779297e-01,1.209467649459838867e-02,-3.390840888023376465e-01,-1.118201017379760742e-02,-3.119800090789794922e-01,-5.652487277984619141e-03,-2.620740532875061035e-01,1.500993967056274414e-02,-1.245329380035400391e-01,-4.990679025650024414e-02,-3.025588393211364746e-01,-5.757802724838256836e-02,-2.594134807586669922e-01,-3.935742378234863281e-02,-2.039857506752014160e-01,-4.882192611694335938e-02,-1.069597005844116211e-01,-9.141618013381958008e-02,-2.471855878829956055e-01,-9.086084365844726562e-02,-2.154861688613891602e-01,-7.423520088195800781e-02,-1.679300665855407715e-01,1.000000000000000000e+01
0.000000000000000000e+00,0.000000000000000000e+00,4.612261056900024414e-02,-9.528267383575439453e-02,7.112473249435424805e-02,-2.300138473510742188e-01,5.216956138610839844e-02,-3.498283028602600098e-01,2.379947900772094727e-02,-4.373190402984619141e-01,1.265738606452941895e-01,-1.868207454681396484e-01,7.302695512771606445e-02,-3.446354866027832031e-01,2.553474903106689453e-02,-4.229757189750671387e-01,-7.017433643341064453e-03,-4.697690904140472412e-01,7.842272520065307617e-02,-1.460987925529479980e-01,1.209872961044311523e-02,-3.316503167152404785e-01,-1.228785514831542969e-02,-3.040692210197448730e-01,-5.784213542938232422e-03,-2.525855302810668945e-01,1.861137151718139648e-02,-1.167479157447814941e-01,-4.775625467300415039e-02,-2.931582927703857422e-01,-5.642932653427124023e-02,-2.523341774940490723e-01,-3.745657205581665039e-02,-1.975163221359252930e-01,-4.336571693420410156e-02,-1.004230976104736328e-01,-8.960616588592529297e-02,-2.395021915435791016e-01,-9.011906385421752930e-02,-2.102342844009399414e-01,-7.249891757965087891e-02,-1.632961034774780273e-01,1.000000000000000000e+01
0.000000000000000000e+00,0.000000000000000000e+00,4.204899072647094727e-02,-9.280014038085937500e-02,6.438040733337402344e-02,-2.228254675865173340e-01,4.334843158721923828e-02,-3.362457156181335449e-01,1.423746347427368164e-02,-4.199784994125366211e-01,1.196991801261901855e-01,-1.899954080581665039e-01,6.741076707839965820e-02,-3.440955877304077148e-01,2.122151851654052734e-02,-4.215623140335083008e-01,-9.605228900909423828e-03,-4.683756232261657715e-01,7.392412424087524414e-02,-1.512303948402404785e-01,7.641434669494628906e-03,-3.290444016456604004e-01,-2.170151472091674805e-02,-3.050804138183593750e-01,-1.830959320068359375e-02,-2.568660378456115723e-01,1.455181837081909180e-02,-1.202368140220642090e-01,-5.015707015991210938e-02,-2.924883365631103516e-01,-6.411105394363403320e-02,-2.528280019760131836e-01,-4.854506254196166992e-02,-1.983370780944824219e-01,-4.741460084915161133e-02,-1.005834341049194336e-01,-9.441435337066650391e-02,-2.337754368782043457e-01,-9.622359275817871094e-02,-2.064812779426574707e-01,-7.887208461761474609e-02,-1.604812741279602051e-01,1.000000000000000000e+01
0.000000000000000000e+00,0.000000000000000000e+00,4.360777139663696289e-02,-9.434080123901367188e-02,6.530284881591796875e-02,-2.270370125770568848e-01,4.544794559478759766e-02,-3.421644568443298340e-01,1.885443925857543945e-02,-4.268353581428527832e-01,1.218618154525756836e-01,-1.908388137817382812e-01,7.255178689956665039e-02,-3.387032151222229004e-01,2.789252996444702148e-02,-4.157114028930664062e-01,-2.592980861663818359e-03,-4.629431962966918945e-01,7.602459192276000977e-02,-1.521161198616027832e-01,1.322668790817260742e-02,-3.281894326210021973e-01,-1.704490184783935547e-02,-3.065574169158935547e-01,-1.582264900207519531e-02,-2.601050138473510742e-01,1.752084493637084961e-02,-1.211822628974914551e-01,-4.808175563812255859e-02,-2.908759713172912598e-01,-6.025081872940063477e-02,-2.522012591361999512e-01,-4.434901475906372070e-02,-1.988111138343811035e-01,-4.375112056732177734e-02,-1.008364558219909668e-01,-9.014773368835449219e-02,-2.329035401344299316e-01,-9.123045206069946289e-02,-2.048998475074768066e-01,-7.348740100860595703e-02,-1.586573719978332520e-01,1.000000000000000000e+01
0.000000000000000000e+00,0.000000000000000000e+00,4.670131206512451172e-02,-8.922070264816284180e-02,7.022780179977416992e-02,-2.194594740867614746e-01,5.215948820114135742e-02,-3.355541825294494629e-01,2.334469556808471680e-02,-4.204030036926269531e-01,1.286652088165283203e-01,-1.846004724502563477e-01,8.070296049118041992e-02,-3.322833180427551270e-01,3.846412897109985352e-02,-4.107105135917663574e-01,8.960127830505371094e-03,-4.599477648735046387e-01,8.127766847610473633e-02,-1.469238400459289551e-01,1.930999755859375000e-02,-3.248319029808044434e-01,-8.024096488952636719e-03,-3.022280335426330566e-01,-5.966782569885253906e-03,-2.572470903396606445e-01,2.138024568557739258e-02,-1.187729835510253906e-01,-4.152333736419677734e-02,-2.888398170471191406e-01,-5.129832029342651367e-02,-2.478873729705810547e-01,-3.494143486022949219e-02,-1.945587396621704102e-01,-4.050964117050170898e-02,-1.021023392677307129e-01,-8.367967605590820312e-02,-2.361911535263061523e-01,-8.436226844787597656e-02,-2.071365118026733398e-01,-6.786769628524780273e-02,-1.621064543724060059e-01,1.000000000000000000e+01
0.000000000000000000e+00,0.000000000000000000e+00,4.812902212142944336e-02,-8.685785531997680664e-02,7.398259639739990234e-02,-2.141819596290588379e-01,5.562669038772583008e-02,-3.281392455101013184e-01,2.500385046005249023e-02,-4.105657339096069336e-01,1.293327808380126953e-01,-1.855227351188659668e-01,8.188414573669433594e-02,-3.334898352622985840e-01,4.030072689056396484e-02,-4.123857915401458740e-01,1.037329435348510742e-02,-4.615090489387512207e-01,8.148092031478881836e-02,-1.485384702682495117e-01,1.846766471862792969e-02,-3.255469799041748047e-01,-6.425023078918457031e-03,-3.014430403709411621e-01,-2.486526966094970703e-03,-2.561656236648559570e-01,2.134507894515991211e-02,-1.205005049705505371e-01,-4.024028778076171875e-02,-2.919875383377075195e-01,-4.977554082870483398e-02,-2.514006495475769043e-01,-3.416913747787475586e-02,-1.981412172317504883e-01,-4.036992788314819336e-02,-1.036835312843322754e-01,-8.201700448989868164e-02,-2.394223213195800781e-01,-8.293086290359497070e-02,-2.111001610755920410e-01,-6.778293848037719727e-02,-1.660678982734680176e-01,1.000000000000000000e+01
0.000000000000000000e+00,0.000000000000000000e+00,4.722595214843750000e-02,-8.965373039245605469e-02,7.291495800018310547e-02,-2.195993661880493164e-01,5.314290523529052734e-02,-3.352980613708496094e-01,2.314078807830810547e-02,-4.192409217357635498e-01,1.267185211181640625e-01,-1.879445910453796387e-01,7.568037509918212891e-02,-3.419703245162963867e-01,3.159201145172119141e-02,-4.175564944744110107e-01,8.506774902343750000e-04,-4.628848731517791748e-01,7.735705375671386719e-02,-1.492428779602050781e-01,1.252347230911254883e-02,-3.270111083984375000e-01,-1.204621791839599609e-02,-2.980767488479614258e-01,-4.971504211425781250e-03,-2.497666478157043457e-01,1.674056053161621094e-02,-1.203873753547668457e-01,-4.577553272247314453e-02,-2.943409681320190430e-01,-5.626541376113891602e-02,-2.522587776184082031e-01,-3.865969181060791016e-02,-1.980506181716918945e-01,-4.515784978866577148e-02,-1.026936769485473633e-01,-8.830428123474121094e-02,-2.408943772315979004e-01,-8.916658163070678711e-02,-2.114368081092834473e-01,-7.214832305908203125e-02,-1.643449068069458008e-01,1.000000000000000000e+01
0.000000000000000000e+00,0.000000000000000000e+00,4.942631721496582031e-02,-8.845746517181396484e-02,7.342332601547241211e-02,-2.182377576828002930e-01,5.345207452774047852e-02,-3.335329890251159668e-01,2.748078107833862305e-02,-4.183197915554046631e-01,1.282876133918762207e-01,-1.891633272171020508e-01,7.861477136611938477e-02,-3.421248793601989746e-01,3.639405965805053711e-02,-4.191579520702362061e-01,6.163537502288818359e-03,-4.667376279830932617e-01,7.964843511581420898e-02,-1.525506973266601562e-01,1.804316043853759766e-02,-3.294199705123901367e-01,-6.614387035369873047e-03,-2.983610033988952637e-01,-1.334249973297119141e-03,-2.491729259490966797e-01,1.966792345046997070e-02,-1.246855258941650391e-01,-4.260188341140747070e-02,-2.960688471794128418e-01,-5.165851116180419922e-02,-2.508309483528137207e-01,-3.399795293807983398e-02,-1.961529850959777832e-01,-4.188513755798339844e-02,-1.068530082702636719e-01,-8.428567647933959961e-02,-2.423610687255859375e-01,-8.401602506637573242e-02,-2.093144059181213379e-01,-6.667745113372802734e-02,-1.619520783424377441e-01,1.000000000000000000e+01
0.000000000000000000e+00,0.000000000000000000e+00,4.787594079971313477e-02,-9.028214216232299805e-02,7.421606779098510742e-02,-2.176395058631896973e-01,5.790966749191284180e-02,-3.298677206039428711e-01,2.968466281890869141e-02,-4.118196368217468262e-01,1.304205060005187988e-01,-1.896574497222900391e-01,7.983046770095825195e-02,-3.394525051116943359e-01,3.655880689620971680e-02,-4.156494736671447754e-01,5.101203918457031250e-03,-4.621306657791137695e-01,8.484154939651489258e-02,-1.516501307487487793e-01,1.637828350067138672e-02,-3.240456581115722656e-01,-4.868149757385253906e-03,-2.917995452880859375e-01,4.832804203033447266e-03,-2.449406385421752930e-01,2.616381645202636719e-02,-1.239252090454101562e-01,-4.272592067718505859e-02,-2.904327511787414551e-01,-5.122321844100952148e-02,-2.475964426994323730e-01,-3.105288743972778320e-02,-1.980813741683959961e-01,-3.478497266769409180e-02,-1.075093746185302734e-01,-8.341616392135620117e-02,-2.406073212623596191e-01,-8.511519432067871094e-02,-2.085648775100708008e-01,-6.774061918258666992e-02,-1.647070646286010742e-01,1.000000000000000000e+01
0.000000000000000000e+00,0.000000000000000000e+00,4.745459556579589844e-02,-8.812290430068969727e-02,7.372403144836425781e-02,-2.065957188606262207e-01,5.613416433334350586e-02,-3.101980686187744141e-01,2.322745323181152344e-02,-3.811567723751068115e-01,1.331284642219543457e-01,-1.872724294662475586e-01,7.924765348434448242e-02,-3.409719467163085938e-01,3.120511770248413086e-02,-4.180575013160705566e-01,-4.815936088562011719e-03,-4.637314677238464355e-01,8.965736627578735352e-02,-1.517990231513977051e-01,1.796060800552368164e-02,-3.254485130310058594e-01,-6.863772869110107422e-03,-2.990152239799499512e-01,7.497072219848632812e-04,-2.538850307464599609e-01,3.183430433273315430e-02,-1.252402067184448242e-01,-3.746652603149414062e-02,-2.927127480506896973e-01,-5.038392543792724609e-02,-2.552414536476135254e-01,-3.303122520446777344e-02,-2.061851024627685547e-01,-2.834588289260864258e-02,-1.085025668144226074e-01,-7.938885688781738281e-02,-2.372114658355712891e-01,-8.536970615386962891e-02,-2.093141674995422363e-01,-7.052034139633178711e-02,-1.684337854385375977e-01,1.000000000000000000e+01
0.000000000000000000e+00,0.000000000000000000e+00,4.676365852355957031e-02,-8.493912220001220703e-02,7.244610786437988281e-02,-1.992340683937072754e-01,5.742388963699340820e-02,-2.984269857406616211e-01,2.577310800552368164e-02,-3.650542497634887695e-01,1.269670724868774414e-01,-1.911804080009460449e-01,7.999372482299804688e-02,-3.411220908164978027e-01,3.377068042755126953e-02,-4.208761453628540039e-01,-1.969695091247558594e-03,-4.698922038078308105e-01,8.561354875564575195e-02,-1.594307422637939453e-01,1.739174127578735352e-02,-3.309848308563232422e-01,-1.128166913986206055e-02,-3.058812022209167480e-01,-7.266402244567871094e-03,-2.599068284034729004e-01,2.871292829513549805e-02,-1.334840655326843262e-01,-3.835380077362060547e-02,-2.985587120056152344e-01,-5.480605363845825195e-02,-2.603925466537475586e-01,-4.009729623794555664e-02,-2.093079090118408203e-01,-3.068196773529052734e-02,-1.157953739166259766e-01,-8.122277259826660156e-02,-2.404817938804626465e-01,-8.830559253692626953e-02,-2.138291597366333008e-01,-7.397615909576416016e-02,-1.727133989334106445e-01,1.000000000000000000e+01
0.000000000000000000e+00,0.000000000000000000e+00,4.751455783843994141e-02,-8.975881338119506836e-02,7.252782583236694336e-02,-2.196477055549621582e-01,4.625278711318969727e-02,-3.325601220130920410e-01,1.151823997497558594e-02,-4.104136228561401367e-01,1.319561600685119629e-01,-1.895268559455871582e-01,7.477915287017822266e-02,-3.502955436706542969e-01,2.817660570144653320e-02,-4.213097691535949707e-01,-2.677559852600097656e-03,-4.644176065921783447e-01,8.423703908920288086e-02,-1.568663716316223145e-01,1.364707946777343750e-02,-3.342913389205932617e-01,-8.027970790863037109e-03,-3.000860214233398438e-01,2.669274806976318359e-03,-2.519814968109130859e-01,2.418756484985351562e-02,-1.319318413734436035e-01,-4.240262508392333984e-02,-3.100504875183105469e-01,-5.312985181808471680e-02,-2.631646394729614258e-01,-3.459089994430541992e-02,-2.078548669815063477e-01,-3.822571039199829102e-02,-1.160759329795837402e-01,-8.549761772155761719e-02,-2.496417760848999023e-01,-8.662497997283935547e-02,-2.163061499595642090e-01,-6.899785995483398438e-02,-1.691508889198303223e-01,1.000000000000000000e+01
0.000000000000000000e+00,0.000000000000000000e+00,4.553049802780151367e-02,-9.313428401947021484e-02,6.974959373474121094e-02,-2.248054742813110352e-01,3.969675302505493164e-02,-3.407194614410400391e-01,3.163099288940429688e-03,-4.185125827789306641e-01,1.325799226760864258e-01,-1.888078451156616211e-01,7.747185230255126953e-02,-3.496583104133605957e-01,2.921080589294433594e-02,-4.242765605449676514e-01,-4.346013069152832031e-03,-4.665293693542480469e-01,8.459413051605224609e-02,-1.543384790420532227e-01,1.368385553359985352e-02,-3.330919146537780762e-01,-9.515762329101562500e-03,-2.991647720336914062e-01,6.732344627380371094e-04,-2.496165037155151367e-01,2.436792850494384766e-02,-1.296939849853515625e-01,-4.430568218231201172e-02,-3.067687749862670898e-01,-5.519878864288330078e-02,-2.613444328308105469e-01,-3.612899780273437500e-02,-2.069190740585327148e-01,-3.832554817199707031e-02,-1.153526902198791504e-01,-8.754253387451171875e-02,-2.500939965248107910e-01,-8.984756469726562500e-02,-2.187665104866027832e-01,-7.269203662872314453e-02,-1.738524436950683594e-01,1.000000000000000000e+01
0.000000000000000000e+00,0.000000000000000000e+00,4.699677228927612305e-02,-8.904641866683959961e-02,7.221442461013793945e-02,-2.164247632026672363e-01,5.089682340621948242e-02,-3.295531868934631348e-01,2.123045921325683594e-02,-4.088289141654968262e-01,1.337985992431640625e-01,-1.857876181602478027e-01,7.872897386550903320e-02,-3.465949296951293945e-01,3.064328432083129883e-02,-4.249551594257354736e-01,-3.278553485870361328e-03,-4.713955521583557129e-01,8.653891086578369141e-02,-1.508141160011291504e-01,1.701337099075317383e-02,-3.323622345924377441e-01,-1.046198606491088867e-02,-3.039469122886657715e-01,-4.586219787597656250e-03,-2.562398910522460938e-01,2.614003419876098633e-02,-1.264687776565551758e-01,-4.261249303817749023e-02,-3.033809661865234375e-01,-5.605310201644897461e-02,-2.614061236381530762e-01,-3.900295495986938477e-02,-2.076518535614013672e-01,-3.592199087142944336e-02,-1.126501560211181641e-01,-8.368837833404541016e-02,-2.470742464065551758e-01,-8.775007724761962891e-02,-2.165352702140808105e-01,-7.161766290664672852e-02,-1.710448861122131348e-01,1.000000000000000000e+01
0.000000000000000000e+00,0.000000000000000000e+00,4.527437686920166016e-02,-9.188586473464965820e-02,6.870663166046142578e-02,-2.192989587783813477e-01,4.184794425964355469e-02,-3.308066725730895996e-01,8.016347885131835938e-03,-4.096262753009796143e-01,1.308517456054687500e-01,-1.822458505630493164e-01,7.617348432540893555e-02,-3.467797636985778809e-01,2.947336435317993164e-02,-4.189411401748657227e-01,-1.394987106323242188e-03,-4.590430259704589844e-01,8.451807498931884766e-02,-1.462356448173522949e-01,1.446646451950073242e-02,-3.287457823753356934e-01,-1.200491189956665039e-02,-2.998126745223999023e-01,-4.111409187316894531e-03,-2.518220543861389160e-01,2.507466077804565430e-02,-1.209852099418640137e-01,-4.215586185455322266e-02,-2.989386916160583496e-01,-5.497533082962036133e-02,-2.574371099472045898e-01,-3.765457868576049805e-02,-2.038368582725524902e-01,-3.663468360900878906e-02,-1.077488064765930176e-01,-8.451217412948608398e-02,-2.389127612113952637e-01,-8.622872829437255859e-02,-2.089198231697082520e-01,-6.859213113784790039e-02,-1.628322005271911621e-01,1.000000000000000000e+01
0.000000000000000000e+00,0.000000000000000000e+00,4.604560136795043945e-02,-8.868330717086791992e-02,7.256358861923217773e-02,-2.107817530632019043e-01,5.433505773544311523e-02,-3.179221153259277344e-01,2.674221992492675781e-02,-3.934479951858520508e-01,1.312330961227416992e-01,-1.785350441932678223e-01,7.892405986785888672e-02,-3.344126939773559570e-01,3.522044420242309570e-02,-4.108031094074249268e-01,6.674170494079589844e-03,-4.589956700801849365e-01,8.647215366363525391e-02,-1.435562372207641602e-01,1.863539218902587891e-02,-3.216895461082458496e-01,-6.421864032745361328e-03,-2.953038811683654785e-01,6.582140922546386719e-04,-2.476956844329833984e-01,2.791136503219604492e-02,-1.186614036560058594e-01,-3.641492128372192383e-02,-2.928218841552734375e-01,-4.819548130035400391e-02,-2.529348731040954590e-01,-3.127425909042358398e-02,-1.997672319412231445e-01,-3.320616483688354492e-02,-1.053299903869628906e-01,-7.803380489349365234e-02,-2.373903393745422363e-01,-8.007138967514038086e-02,-2.088855504989624023e-01,-6.427335739135742188e-02,-1.630774736404418945e-01,1.000000000000000000e+01
0.000000000000000000e+00,0.000000000000000000e+00,4.639166593551635742e-02,-9.411883354187011719e-02,7.006716728210449219e-02,-2.186951041221618652e-01,4.502630233764648438e-02,-3.243358135223388672e-01,8.675634860992431641e-03,-3.984099626541137695e-01,1.203281879425048828e-01,-1.801012754440307617e-01,6.904822587966918945e-02,-3.370642066001892090e-01,2.541124820709228516e-02,-4.127021133899688721e-01,-3.359258174896240234e-03,-4.602086842060089111e-01,7.291060686111450195e-02,-1.432206630706787109e-01,1.093363761901855469e-02,-3.220418691635131836e-01,-1.378840208053588867e-02,-2.974448204040527344e-01,-7.965326309204101562e-03,-2.506651878356933594e-01,1.301258802413940430e-02,-1.170614361763000488e-01,-4.571741819381713867e-02,-2.929122447967529297e-01,-5.668240785598754883e-02,-2.542347311973571777e-01,-4.112207889556884766e-02,-1.995638012886047363e-01,-4.896837472915649414e-02,-1.031643152236938477e-01,-9.128332138061523438e-02,-2.368754148483276367e-01,-9.192115068435668945e-02,-2.097976803779602051e-01,-7.698535919189453125e-02,-1.630374789237976074e-01,1.000000000000000000e+01
0.000000000000000000e+00,0.000000000000000000e+00,4.722392559051513672e-02,-9.186077117919921875e-02,6.745254993438720703e-02,-2.170379161834716797e-01,4.437589645385742188e-02,-3.232582807540893555e-01,1.254719495773315430e-02,-3.989120125770568848e-01,1.183633804321289062e-01,-1.796784996986389160e-01,6.788468360900878906e-02,-3.350189924240112305e-01,2.259123325347900391e-02,-4.116490781307220459e-01,-8.159041404724121094e-03,-4.584214389324188232e-01,7.116693258285522461e-02,-1.398971080780029297e-01,8.706927299499511719e-03,-3.194075822830200195e-01,-1.823276281356811523e-02,-2.987695336341857910e-01,-1.389968395233154297e-02,-2.533032894134521484e-01,1.119291782379150391e-02,-1.111030578613281250e-01,-4.882597923278808594e-02,-2.841751575469970703e-01,-6.005221605300903320e-02,-2.479830980300903320e-01,-4.440206289291381836e-02,-1.940512061119079590e-01,-5.106872320175170898e-02,-9.511953592300415039e-02,-9.326183795928955078e-02,-2.300818562507629395e-01,-9.365588426589965820e-02,-2.063097953796386719e-01,-7.826304435729980469e-02,-1.607172489166259766e-01,1.000000000000000000e+01
0.000000000000000000e+00,0.000000000000000000e+00,4.298734664916992188e-02,-9.517508745193481445e-02,6.381738185882568359e-02,-2.263643145561218262e-01,3.959256410598754883e-02,-3.383688926696777344e-01,6.833553314208984375e-03,-4.199059605598449707e-01,1.193130016326904297e-01,-1.799937486648559570e-01,6.598806381225585938e-02,-3.332905769348144531e-01,2.137947082519531250e-02,-4.105948507785797119e-01,-8.879840373992919922e-03,-4.597207605838775635e-01,7.176613807678222656e-02,-1.398941874504089355e-01,3.780424594879150391e-03,-3.215864896774291992e-01,-1.608240604400634766e-02,-2.923328876495361328e-01,-6.524384021759033203e-03,-2.412954568862915039e-01,1.178097724914550781e-02,-1.098617911338806152e-01,-5.181074142456054688e-02,-2.867869138717651367e-01,-5.721497535705566406e-02,-2.462767958641052246e-01,-3.790616989135742188e-02,-1.919659376144409180e-01,-5.097174644470214844e-02,-9.319388866424560547e-02,-9.311658143997192383e-02,-2.304097414016723633e-01,-9.011703729629516602e-02,-2.006828784942626953e-01,-7.275259494781494141e-02,-1.520557403564453125e-01,1.000000000000000000e+01
0.000000000000000000e+00,0.000000000000000000e+00,4.537051916122436523e-02,-8.649587631225585938e-02,6.905210018157958984e-02,-2.126713395118713379e-01,5.051094293594360352e-02,-3.234595656394958496e-01,2.028614282608032227e-02,-4.048010706901550293e-01,1.248428821563720703e-01,-1.750682592391967773e-01,7.441782951354980469e-02,-3.259465694427490234e-01,3.010374307632446289e-02,-4.061422348022460938e-01,-2.664268016815185547e-03,-4.561211168766021729e-01,7.765668630599975586e-02,-1.374855041503906250e-01,1.186132431030273438e-02,-3.204978108406066895e-01,-8.549273014068603516e-03,-2.922697067260742188e-01,-2.427041530609130859e-03,-2.407431602478027344e-01,1.733893156051635742e-02,-1.104078292846679688e-01,-4.619359970092773438e-02,-2.874674201011657715e-01,-5.241709947586059570e-02,-2.478653192520141602e-01,-3.565657138824462891e-02,-1.942605972290039062e-01,-4.539316892623901367e-02,-9.563100337982177734e-02,-8.887755870819091797e-02,-2.345507740974426270e-01,-8.647388219833374023e-02,-2.046705484390258789e-01,-7.037693262100219727e-02,-1.572016477584838867e-01,1.000000000000000000e+01
0.000000000000000000e+00,0.000000000000000000e+00,4.420697689056396484e-02,-9.055197238922119141e-02,6.394696235656738281e-02,-2.206197381019592285e-01,4.064083099365234375e-02,-3.338668942451477051e-01,1.111692190170288086e-02,-4.182647466659545898e-01,1.196019649505615234e-01,-1.772106289863586426e-01,7.477635145187377930e-02,-3.227041959762573242e-01,3.627413511276245117e-02,-4.022262692451477051e-01,1.022303104400634766e-02,-4.548273384571075439e-01,7.222586870193481445e-02,-1.414634585380554199e-01,1.182031631469726562e-02,-3.204710483551025391e-01,-1.255702972412109375e-02,-2.994946837425231934e-01,-9.071469306945800781e-03,-2.545380592346191406e-01,1.233303546905517578e-02,-1.144242882728576660e-01,-4.526823759078979492e-02,-2.901440858840942383e-01,-5.518335103988647461e-02,-2.529425024986267090e-01,-4.117029905319213867e-02,-1.991094350814819336e-01,-5.020070075988769531e-02,-9.997397661209106445e-02,-9.000509977340698242e-02,-2.379360198974609375e-01,-9.070062637329101562e-02,-2.148327231407165527e-01,-7.717680931091308594e-02,-1.702900528907775879e-01,1.000000000000000000e+01
0.000000000000000000e+00,0.000000000000000000e+00,4.409915208816528320e-02,-8.792138099670410156e-02,6.284528970718383789e-02,-2.224509716033935547e-01,3.877872228622436523e-02,-3.417267203330993652e-01,1.583135128021240234e-02,-4.322712421417236328e-01,1.200160384178161621e-01,-1.782950758934020996e-01,6.936341524124145508e-02,-3.308077454566955566e-01,2.896898984909057617e-02,-4.087150692939758301e-01,3.808021545410156250e-03,-4.585614204406738281e-01,7.010841369628906250e-02,-1.423155665397644043e-01,1.004022359848022461e-02,-3.214966058731079102e-01,-9.093642234802246094e-03,-2.958491444587707520e-01,-2.876043319702148438e-03,-2.500707507133483887e-01,9.973526000976562500e-03,-1.150935888290405273e-01,-4.701155424118041992e-02,-2.912189960479736328e-01,-5.362612009048461914e-02,-2.483597397804260254e-01,-3.823101520538330078e-02,-1.943780183792114258e-01,-5.168628692626953125e-02,-9.943252801895141602e-02,-8.842962980270385742e-02,-2.372604012489318848e-01,-8.720201253890991211e-02,-2.072704434394836426e-01,-7.290631532669067383e-02,-1.616231203079223633e-01,1.000000000000000000e+01
0.000000000000000000e+00,0.000000000000000000e+00,4.362565279006958008e-02,-9.032189846038818359e-02,6.315225362777709961e-02,-2.243557572364807129e-01,3.963720798492431641e-02,-3.439496755599975586e-01,1.524811983108520508e-02,-4.342336654663085938e-01,1.220554709434509277e-01,-1.772258877754211426e-01,6.996935606002807617e-02,-3.301017284393310547e-01,2.859878540039062500e-02,-4.053444564342498779e-01,3.155469894409179688e-03,-4.522455334663391113e-01,7.274907827377319336e-02,-1.397655010223388672e-01,1.026260852813720703e-02,-3.197430968284606934e-01,-9.311079978942871094e-03,-2.934736609458923340e-01,-2.876758575439453125e-03,-2.476851344108581543e-01,1.302862167358398438e-02,-1.123607158660888672e-01,-4.664057493209838867e-02,-2.880727052688598633e-01,-5.280900001525878906e-02,-2.461965680122375488e-01,-3.698748350143432617e-02,-1.935837268829345703e-01,-4.859775304794311523e-02,-9.761738777160644531e-02,-8.711880445480346680e-02,-2.350425720214843750e-01,-8.582139015197753906e-02,-2.060910463333129883e-01,-7.097941637039184570e-02,-1.618438959121704102e-01,1.000000000000000000e+01
0.000000000000000000e+00,0.000000000000000000e+00,4.868781566619873047e-02,-8.428752422332763672e-02,7.149612903594970703e-02,-2.133638262748718262e-01,5.042392015457153320e-02,-3.282936811447143555e-01,1.977318525314331055e-02,-4.104107618331909180e-01,1.250854134559631348e-01,-1.755771636962890625e-01,7.691699266433715820e-02,-3.255758285522460938e-01,3.886264562606811523e-02,-4.057741165161132812e-01,1.206308603286743164e-02,-4.573931097984313965e-01,7.475888729095458984e-02,-1.414394974708557129e-01,1.637625694274902344e-02,-3.218424320220947266e-01,-2.207338809967041016e-03,-3.022689223289489746e-01,-4.816055297851562500e-05,-2.583773732185363770e-01,1.343667507171630859e-02,-1.157039999961853027e-01,-4.093915224075317383e-02,-2.921485900878906250e-01,-4.681813716888427734e-02,-2.534785866737365723e-01,-3.424793481826782227e-02,-2.000621557235717773e-01,-4.912662506103515625e-02,-1.013411283493041992e-01,-8.512437343597412109e-02,-2.413043379783630371e-01,-8.314007520675659180e-02,-2.146865725517272949e-01,-7.003688812255859375e-02,-1.701859235763549805e-01,1.000000000000000000e+01
0.000000000000000000e+00,0.000000000000000000e+00,4.956358671188354492e-02,-8.288812637329101562e-02,7.673472166061401367e-02,-2.040915489196777344e-01,5.613338947296142578e-02,-3.128947615623474121e-01,2.279335260391235352e-02,-3.895247578620910645e-01,1.291075944900512695e-01,-1.820311546325683594e-01,7.272809743881225586e-02,-3.362940549850463867e-01,2.730458974838256836e-02,-4.063815474510192871e-01,-3.610849380493164062e-03,-4.452863633632659912e-01,8.310192823410034180e-02,-1.476192474365234375e-01,1.484733819961547852e-02,-3.214699625968933105e-01,-4.187822341918945312e-03,-2.930669784545898438e-01,4.297733306884765625e-03,-2.443438172340393066e-01,2.528530359268188477e-02,-1.213523149490356445e-01,-3.983658552169799805e-02,-2.855105996131896973e-01,-4.755300283432006836e-02,-2.455328106880187988e-01,-2.927392721176147461e-02,-1.950354576110839844e-01,-3.456741571426391602e-02,-1.054524779319763184e-01,-8.261179924011230469e-02,-2.349648475646972656e-01,-8.485120534896850586e-02,-2.060136198997497559e-01,-6.890153884887695312e-02,-1.637884378433227539e-01,1.000000000000000000e+01
0.000000000000000000e+00,0.000000000000000000e+00,5.146557092666625977e-02,-7.879209518432617188e-02,7.780057191848754883e-02,-1.935159564018249512e-01,5.800145864486694336e-02,-2.997690439224243164e-01,2.335703372955322266e-02,-3.742845654487609863e-01,1.308265328407287598e-01,-1.789937019348144531e-01,7.633781433105468750e-02,-3.307105898857116699e-01,3.140646219253540039e-02,-4.048186838626861572e-01,-3.443956375122070312e-04,-4.464600086212158203e-01,8.591622114181518555e-02,-1.431113481521606445e-01,1.841259002685546875e-02,-3.163174986839294434e-01,-3.747642040252685547e-03,-2.896487116813659668e-01,2.580106258392333984e-03,-2.420514822006225586e-01,2.778118848800659180e-02,-1.159945130348205566e-01,-3.801476955413818359e-02,-2.833470702171325684e-01,-4.768306016921997070e-02,-2.448697090148925781e-01,-3.121411800384521484e-02,-1.933498382568359375e-01,-3.170275688171386719e-02,-1.000576019287109375e-01,-8.036124706268310547e-02,-2.292331457138061523e-01,-8.169454336166381836e-02,-1.999815702438354492e-01,-6.506282091140747070e-02,-1.564162969589233398e-01,1.000000000000000000e+01
0.000000000000000000e+00,0.000000000000000000e+00,5.067515373229980469e-02,-7.616704702377319336e-02,7.760334014892578125e-02,-1.877279877662658691e-01,5.900621414184570312e-02,-2.909814715385437012e-01,2.625793218612670898e-02,-3.617527484893798828e-01,1.293730735778808594e-01,-1.809651851654052734e-01,7.668554782867431641e-02,-3.306540846824645996e-01,3.119635581970214844e-02,-4.049202799797058105e-01,7.049441337585449219e-04,-4.479271471500396729e-01,8.578109741210937500e-02,-1.463173031806945801e-01,1.849102973937988281e-02,-3.158861994743347168e-01,-6.912410259246826172e-03,-2.892447113990783691e-01,-7.704496383666992188e-04,-2.431153655052185059e-01,2.809709310531616211e-02,-1.187236905097961426e-01,-3.746086359024047852e-02,-2.820606827735900879e-01,-4.902577400207519531e-02,-2.441218495368957520e-01,-3.207874298095703125e-02,-1.938028931617736816e-01,-3.119105100631713867e-02,-1.015665531158447266e-01,-8.097231388092041016e-02,-2.291854023933410645e-01,-8.263254165649414062e-02,-2.007551193237304688e-01,-6.500864028930664062e-02,-1.576556563377380371e-01,1.000000000000000000e+01
0.000000000000000000e+00,0.000000000000000000e+00,5.059731006622314453e-02,-8.125650882720947266e-02,7.437032461166381836e-02,-1.994709968566894531e-01,4.485744237899780273e-02,-3.065654039382934570e-01,4.113435745239257812e-03,-3.777988255023956299e-01,1.347200870513916016e-01,-1.865555644035339355e-01,7.609140872955322266e-02,-3.498606085777282715e-01,3.177160024642944336e-02,-3.813602924346923828e-01,1.101255416870117188e-02,-3.845379948616027832e-01,9.061384201049804688e-02,-1.485021710395812988e-01,1.953458786010742188e-02,-3.253782391548156738e-01,-5.240619182586669922e-03,-2.904844880104064941e-01,2.063512802124023438e-03,-2.411944270133972168e-01,3.305786848068237305e-02,-1.195267438888549805e-01,-3.740614652633666992e-02,-2.884699106216430664e-01,-4.706764221191406250e-02,-2.436506748199462891e-01,-2.836167812347412109e-02,-1.906993985176086426e-01,-2.735167741775512695e-02,-1.020087003707885742e-01,-7.723313570022583008e-02,-2.330564856529235840e-01,-7.835316658020019531e-02,-2.007318139076232910e-01,-6.001812219619750977e-02,-1.555719971656799316e-01,1.000000000000000000e+01
0.000000000000000000e+00,0.000000000000000000e+00,5.416971445083618164e-02,-8.185088634490966797e-02,7.595765590667724609e-02,-2.057420611381530762e-01,4.396212100982666016e-02,-3.174028396606445312e-01,2.402722835540771484e-03,-3.884525299072265625e-01,1.344336867332458496e-01,-1.918175816535949707e-01,7.350468635559082031e-02,-3.574987649917602539e-01,2.409589290618896484e-02,-3.628925681114196777e-01,9.294390678405761719e-03,-3.481758236885070801e-01,8.958458900451660156e-02,-1.537001132965087891e-01,2.139550447463989258e-02,-3.330516219139099121e-01,-7.997810840606689453e-03,-2.951493263244628906e-01,-1.516044139862060547e-03,-2.450263500213623047e-01,3.149282932281494141e-02,-1.252709031105041504e-01,-3.618556261062622070e-02,-2.953450083732604980e-01,-4.878652095794677734e-02,-2.478504776954650879e-01,-3.072303533554077148e-02,-1.938527226448059082e-01,-2.857661247253417969e-02,-1.080816984176635742e-01,-7.658106088638305664e-02,-2.390767931938171387e-01,-7.840871810913085938e-02,-2.053873538970947266e-01,-5.992037057876586914e-02,-1.609442234039306641e-01,1.000000000000000000e+01
0.000000000000000000e+00,0.000000000000000000e+00,5.351781845092773438e-02,-8.270609378814697266e-02,7.721316814422607422e-02,-2.014498114585876465e-01,5.159533023834228516e-02,-3.082153201103210449e-01,1.294291019439697266e-02,-3.792321681976318359e-01,1.339651942253112793e-01,-1.929044723510742188e-01,7.870227098464965820e-02,-3.516455292701721191e-01,3.008848428726196289e-02,-3.766980767250061035e-01,9.805858135223388672e-03,-3.777997493743896484e-01,8.994150161743164062e-02,-1.563538908958435059e-01,2.320402860641479492e-02,-3.319516181945800781e-01,-4.111409187316894531e-03,-2.974287867546081543e-01,2.078711986541748047e-03,-2.488889694213867188e-01,3.252530097961425781e-02,-1.276454925537109375e-01,-3.284657001495361328e-02,-2.950470447540283203e-01,-4.497373104095458984e-02,-2.498093247413635254e-01,-2.764731645584106445e-02,-1.984846591949462891e-01,-2.683788537979125977e-02,-1.089096665382385254e-01,-7.287538051605224609e-02,-2.391030192375183105e-01,-7.592606544494628906e-02,-2.063891291618347168e-01,-5.925238132476806641e-02,-1.632362008094787598e-01,1.000000000000000000e+01
0.000000000000000000e+00,0.000000000000000000e+00,5.056840181350708008e-02,-8.317059278488159180e-02,7.847982645034790039e-02,-2.012475728988647461e-01,6.348884105682373047e-02,-3.059101104736328125e-01,3.426647186279296875e-02,-3.828477263450622559e-01,1.283954381942749023e-01,-1.888067126274108887e-01,7.706874608993530273e-02,-3.415742516517639160e-01,3.306150436401367188e-02,-4.084701836109161377e-01,7.831811904907226562e-03,-4.439753592014312744e-01,8.635520935058593750e-02,-1.542427539825439453e-01,2.065211534500122070e-02,-3.249558210372924805e-01,-6.374776363372802734e-03,-2.968298792839050293e-01,8.297562599182128906e-04,-2.508186101913452148e-01,3.087723255157470703e-02,-1.267510056495666504e-01,-3.189331293106079102e-02,-2.930197119712829590e-01,-4.532116651535034180e-02,-2.509976625442504883e-01,-2.858376502990722656e-02,-1.990272402763366699e-01,-2.719789743423461914e-02,-1.086887717247009277e-01,-7.299172878265380859e-02,-2.374222278594970703e-01,-7.690680027008056641e-02,-2.080868482589721680e-01,-6.146669387817382812e-02,-1.640924215316772461e-01,1.000000000000000000e+01
0.000000000000000000e+00,0.000000000000000000e+00,4.953491687774658203e-02,-8.507114648818969727e-02,7.443869113922119141e-02,-2.091352343559265137e-01,4.481053352355957031e-02,-3.194633722305297852e-01,8.863925933837890625e-03,-3.954229950904846191e-01,1.301553845405578613e-01,-1.891504526138305664e-01,7.692599296569824219e-02,-3.376881480216979980e-01,3.267598152160644531e-02,-4.085137248039245605e-01,4.146993160247802734e-03,-4.495599567890167236e-01,8.551287651062011719e-02,-1.526376605033874512e-01,1.776909828186035156e-02,-3.238928914070129395e-01,-8.685171604156494141e-03,-2.920678257942199707e-01,-2.009034156799316406e-03,-2.448871135711669922e-01,2.837824821472167969e-02,-1.240783333778381348e-01,-3.716951608657836914e-02,-2.904146909713745117e-01,-4.964536428451538086e-02,-2.454383373260498047e-01,-3.223955631256103516e-02,-1.938592791557312012e-01,-3.157138824462890625e-02,-1.058067679405212402e-01,-8.018195629119873047e-02,-2.328956723213195801e-01,-8.322441577911376953e-02,-2.016643881797790527e-01,-6.579899787902832031e-02,-1.596041917800903320e-01,1.000000000000000000e+01
0.000000000000000000e+00,0.000000000000000000e+00,5.038875341415405273e-02,-8.333969116210937500e-02,7.552284002304077148e-02,-2.094029188156127930e-01,4.694473743438720703e-02,-3.223863244056701660e-01,8.638799190521240234e-03,-4.015519618988037109e-01,1.303563117980957031e-01,-1.857205033302307129e-01,7.441276311874389648e-02,-3.384101986885070801e-01,2.895945310592651367e-02,-4.046201705932617188e-01,1.450002193450927734e-03,-4.412400126457214355e-01,8.280986547470092773e-02,-1.506751775741577148e-01,1.305747032165527344e-02,-3.235614895820617676e-01,-1.061469316482543945e-02,-2.899268865585327148e-01,-5.285739898681640625e-04,-2.421458959579467773e-01,2.462458610534667969e-02,-1.231011152267456055e-01,-4.187601804733276367e-02,-2.892348766326904297e-01,-5.127280950546264648e-02,-2.439805269241333008e-01,-3.079611063003540039e-02,-1.931836605072021484e-01,-3.486979007720947266e-02,-1.054721474647521973e-01,-8.314377069473266602e-02,-2.333028912544250488e-01,-8.422172069549560547e-02,-2.013906240463256836e-01,-6.492567062377929688e-02,-1.583195328712463379e-01,1.000000000000000000e+01
0.000000000000000000e+00,0.000000000000000000e+00,5.027353763580322266e-02,-8.256036043167114258e-02,7.586675882339477539e-02,-2.085572481155395508e-01,4.992616176605224609e-02,-3.221675157546997070e-01,1.452988386154174805e-02,-4.025936722755432129e-01,1.300745010375976562e-01,-1.861592531204223633e-01,7.514184713363647461e-02,-3.389303088188171387e-01,2.919852733612060547e-02,-4.098466038703918457e-01,-8.167624473571777344e-04,-4.495678544044494629e-01,8.319652080535888672e-02,-1.518354415893554688e-01,1.406067609786987305e-02,-3.249403834342956543e-01,-9.582221508026123047e-03,-2.907552719116210938e-01,7.829070091247558594e-04,-2.420579195022583008e-01,2.540099620819091797e-02,-1.243590116500854492e-01,-4.096221923828125000e-02,-2.894605398178100586e-01,-5.058741569519042969e-02,-2.442758083343505859e-01,-3.002458810806274414e-02,-1.934469938278198242e-01,-3.405171632766723633e-02,-1.063722372055053711e-01,-8.249765634536743164e-02,-2.336642146110534668e-01,-8.398240804672241211e-02,-2.014374732971191406e-01,-6.473529338836669922e-02,-1.585725545883178711e-01,1.000000000000000000e+01
0.000000000000000000e+00,0.000000000000000000e+00,5.046349763870239258e-02,-8.415359258651733398e-02,7.537144422531127930e-02,-2.052530646324157715e-01,5.153208971023559570e-02,-3.117478489875793457e-01,1.643878221511840820e-02,-3.848177194595336914e-01,1.245275735855102539e-01,-1.888721585273742676e-01,7.214438915252685547e-02,-3.408100605010986328e-01,2.803516387939453125e-02,-4.134621918201446533e-01,-1.552522182464599609e-03,-4.547829926013946533e-01,8.021122217178344727e-02,-1.535270214080810547e-01,1.263475418090820312e-02,-3.256370425224304199e-01,-1.150751113891601562e-02,-2.943473458290100098e-01,-3.334403038024902344e-03,-2.462167739868164062e-01,2.324658632278442383e-02,-1.256286501884460449e-01,-4.154831171035766602e-02,-2.905712127685546875e-01,-5.179852247238159180e-02,-2.472528219223022461e-01,-3.292465209960937500e-02,-1.959308981895446777e-01,-3.670966625213623047e-02,-1.073275208473205566e-01,-8.367055654525756836e-02,-2.367033958435058594e-01,-8.466124534606933594e-02,-2.054492235183715820e-01,-6.648522615432739258e-02,-1.612443923950195312e-01,1.000000000000000000e+01
0.000000000000000000e+00,0.000000000000000000e+00,5.083066225051879883e-02,-8.384096622467041016e-02,7.685625553131103516e-02,-2.051569819450378418e-01,5.545717477798461914e-02,-3.128374814987182617e-01,2.418231964111328125e-02,-3.881174325942993164e-01,1.259525418281555176e-01,-1.845163106918334961e-01,7.394057512283325195e-02,-3.376039862632751465e-01,3.081166744232177734e-02,-4.107877016067504883e-01,8.614659309387207031e-04,-4.528499245643615723e-01,7.964020967483520508e-02,-1.472429037094116211e-01,1.296919584274291992e-02,-3.205000758171081543e-01,-9.406030178070068359e-03,-2.876374721527099609e-01,-1.121938228607177734e-03,-2.389066219329833984e-01,2.123767137527465820e-02,-1.191558241844177246e-01,-4.240328073501586914e-02,-2.861834764480590820e-01,-5.124598741531372070e-02,-2.419211268424987793e-01,-3.317654132843017578e-02,-1.899975538253784180e-01,-3.965979814529418945e-02,-1.020178198814392090e-01,-8.502268791198730469e-02,-2.326608896255493164e-01,-8.537346124649047852e-02,-2.008715867996215820e-01,-6.814688444137573242e-02,-1.566609144210815430e-01,1.000000000000000000e+01
0.000000000000000000e+00,0.000000000000000000e+00,4.831218719482421875e-02,-8.474218845367431641e-02,7.284128665924072266e-02,-2.054230570793151855e-01,5.286955833435058594e-02,-3.122214674949645996e-01,2.233779430389404297e-02,-3.874762952327728271e-01,1.238107085227966309e-01,-1.872214078903198242e-01,7.100677490234375000e-02,-3.380759954452514648e-01,2.728575468063354492e-02,-4.115576446056365967e-01,-3.213703632354736328e-03,-4.537917971611022949e-01,7.958298921585083008e-02,-1.497184634208679199e-01,1.237982511520385742e-02,-3.208770155906677246e-01,-1.338267326354980469e-02,-2.927672266960144043e-01,-8.054435253143310547e-03,-2.456685304641723633e-01,2.186155319213867188e-02,-1.209009289741516113e-01,-4.324424266815185547e-02,-2.864634990692138672e-01,-5.477780103683471680e-02,-2.461897134780883789e-01,-3.855675458908081055e-02,-1.948211789131164551e-01,-3.904032707214355469e-02,-1.033189892768859863e-01,-8.595228195190429688e-02,-2.328100800514221191e-01,-8.758085966110229492e-02,-2.052919268608093262e-01,-7.112747430801391602e-02,-1.622472405433654785e-01,1.000000000000000000e+01
0.000000000000000000e+00,0.000000000000000000e+00,5.231577157974243164e-02,-7.929819822311401367e-02,7.939916849136352539e-02,-1.908888220787048340e-01,6.239384412765502930e-02,-2.918515801429748535e-01,2.840757369995117188e-02,-3.627977967262268066e-01,1.263233423233032227e-01,-1.865443587303161621e-01,7.591384649276733398e-02,-3.344908952713012695e-01,2.914142608642578125e-02,-4.052255749702453613e-01,-1.976490020751953125e-03,-4.428502619266510010e-01,8.513605594635009766e-02,-1.506921648979187012e-01,2.145218849182128906e-02,-3.200043439865112305e-01,-1.037001609802246094e-02,-3.016712069511413574e-01,-1.255488395690917969e-02,-2.589272260665893555e-01,2.846711874008178711e-02,-1.220241189002990723e-01,-3.799515962600708008e-02,-2.837036252021789551e-01,-5.157095193862915039e-02,-2.470480203628540039e-01,-3.800719976425170898e-02,-1.960821151733398438e-01,-3.154164552688598633e-02,-1.034870743751525879e-01,-8.110743761062622070e-02,-2.307392954826354980e-01,-8.399254083633422852e-02,-2.058779597282409668e-01,-6.820070743560791016e-02,-1.642464995384216309e-01,1.000000000000000000e+01
0.000000000000000000e+00,0.000000000000000000e+00,5.000072717666625977e-02,-8.332824707031250000e-02,7.604140043258666992e-02,-1.984078884124755859e-01,5.818903446197509766e-02,-3.020319938659667969e-01,2.714323997497558594e-02,-3.771563768386840820e-01,1.219995617866516113e-01,-1.902216672897338867e-01,7.354778051376342773e-02,-3.338607549667358398e-01,3.105038404464721680e-02,-4.013969898223876953e-01,3.666996955871582031e-03,-4.389479756355285645e-01,8.091932535171508789e-02,-1.551774144172668457e-01,1.486206054687500000e-02,-3.188297152519226074e-01,-1.277321577072143555e-02,-2.914094924926757812e-01,-8.409559726715087891e-03,-2.468395829200744629e-01,2.584201097488403320e-02,-1.247826218605041504e-01,-3.952658176422119141e-02,-2.835295200347900391e-01,-5.221068859100341797e-02,-2.429594397544860840e-01,-3.659945726394653320e-02,-1.923374533653259277e-01,-3.273117542266845703e-02,-1.030864119529724121e-01,-8.214414119720458984e-02,-2.270684242248535156e-01,-8.377683162689208984e-02,-1.995039582252502441e-01,-6.616979837417602539e-02,-1.566835641860961914e-01,1.000000000000000000e+01
0.000000000000000000e+00,0.000000000000000000e+00,4.705905914306640625e-02,-9.633243083953857422e-02,6.617987155914306641e-02,-2.353371381759643555e-01,3.516894578933715820e-02,-3.560485541820526123e-01,-4.613637924194335938e-03,-4.396322369575500488e-01,1.122112274169921875e-01,-1.971212625503540039e-01,5.055099725723266602e-02,-3.609161078929901123e-01,9.685635566711425781e-03,-3.523508012294769287e-01,4.095733165740966797e-03,-3.282764554023742676e-01,6.725829839706420898e-02,-1.572399139404296875e-01,5.287528038024902344e-04,-3.348047733306884766e-01,-2.248549461364746094e-02,-2.903744578361511230e-01,-1.149404048919677734e-02,-2.369732856750488281e-01,1.098424196243286133e-02,-1.275206804275512695e-01,-5.195486545562744141e-02,-2.980692386627197266e-01,-6.235426664352416992e-02,-2.468828558921813965e-01,-4.319787025451660156e-02,-1.921688914299011230e-01,-4.993015527725219727e-02,-1.100535392761230469e-01,-9.807026386260986328e-02,-2.344896197319030762e-01,-9.691333770751953125e-02,-2.002292275428771973e-01,-7.770109176635742188e-02,-1.576005220413208008e-01,1.000000000000000000e+01
0.000000000000000000e+00,0.000000000000000000e+00,4.263740777969360352e-02,-9.508979320526123047e-02,6.355392932891845703e-02,-2.327239513397216797e-01,3.793227672576904297e-02,-3.553439378738403320e-01,6.276190280914306641e-03,-4.424940943717956543e-01,1.176784634590148926e-01,-1.912926435470581055e-01,5.912649631500244141e-02,-3.558232188224792480e-01,1.265007257461547852e-02,-3.596681952476501465e-01,-5.400776863098144531e-04,-3.401193618774414062e-01,7.276195287704467773e-02,-1.536722183227539062e-01,6.479918956756591797e-03,-3.314906358718872070e-01,-1.896959543228149414e-02,-2.947482466697692871e-01,-9.224891662597656250e-03,-2.434554696083068848e-01,1.684069633483886719e-02,-1.272428035736083984e-01,-4.682350158691406250e-02,-2.943147420883178711e-01,-5.837720632553100586e-02,-2.495375871658325195e-01,-4.096466302871704102e-02,-1.980315446853637695e-01,-4.461222887039184570e-02,-1.141611933708190918e-01,-8.898472785949707031e-02,-2.372095584869384766e-01,-9.137952327728271484e-02,-2.070081830024719238e-01,-7.607352733612060547e-02,-1.672633290290832520e-01,1.000000000000000000e+01
0.000000000000000000e+00,0.000000000000000000e+00,4.464125633239746094e-02,-9.391433000564575195e-02,6.229746341705322266e-02,-2.355359196662902832e-01,3.989630937576293945e-02,-3.590170145034790039e-01,1.693296432495117188e-02,-4.522649943828582764e-01,1.178925633430480957e-01,-2.001258134841918945e-01,5.405849218368530273e-02,-3.615035414695739746e-01,9.219884872436523438e-03,-3.753973245620727539e-01,-3.476381301879882812e-03,-3.656089901924133301e-01,7.105189561843872070e-02,-1.584900021553039551e-01,3.153741359710693359e-03,-3.370534181594848633e-01,-2.253919839859008789e-02,-3.023958802223205566e-01,-1.421898603439331055e-02,-2.507646083831787109e-01,1.342386007308959961e-02,-1.268318295478820801e-01,-4.990249872207641602e-02,-2.941383719444274902e-01,-6.095975637435913086e-02,-2.506319284439086914e-01,-4.371362924575805664e-02,-1.980649232864379883e-01,-4.756742715835571289e-02,-1.083509922027587891e-01,-8.858555555343627930e-02,-2.385305166244506836e-01,-9.074288606643676758e-02,-2.097953557968139648e-01,-7.569187879562377930e-02,-1.674005985260009766e-01,1.000000000000000000e+01
0.000000000000000000e+00,0.000000000000000000e+00,4.563671350479125977e-02,-9.285533428192138672e-02,6.814408302307128906e-02,-2.306737303733825684e-01,4.803448915481567383e-02,-3.528028130531311035e-01,2.146559953689575195e-02,-4.436735510826110840e-01,1.257957220077514648e-01,-1.825316548347473145e-01,6.848013401031494141e-02,-3.463174700736999512e-01,2.205979824066162109e-02,-3.958550691604614258e-01,-5.722641944885253906e-04,-4.164107441902160645e-01,7.614117860794067383e-02,-1.431126594543457031e-01,1.159584522247314453e-02,-3.260320425033569336e-01,-1.108390092849731445e-02,-2.913050651550292969e-01,-3.382325172424316406e-03,-2.391054630279541016e-01,1.603609323501586914e-02,-1.160478591918945312e-01,-4.458677768707275391e-02,-2.905457019805908203e-01,-5.273020267486572266e-02,-2.448276281356811523e-01,-3.636062145233154297e-02,-1.909214258193969727e-01,-4.627478122711181641e-02,-1.025511026382446289e-01,-8.480000495910644531e-02,-2.357038259506225586e-01,-8.588898181915283203e-02,-2.038332819938659668e-01,-7.243847846984863281e-02,-1.600174903869628906e-01,1.000000000000000000e+01
0.000000000000000000e+00,0.000000000000000000e+00,4.663133621215820312e-02,-9.325647354125976562e-02,6.618779897689819336e-02,-2.316442131996154785e-01,4.377800226211547852e-02,-3.543556928634643555e-01,1.718974113464355469e-02,-4.442789554595947266e-01,1.235077381134033203e-01,-1.864082217216491699e-01,6.658345460891723633e-02,-3.463799059391021729e-01,2.319312095642089844e-02,-3.981431722640991211e-01,1.789987087249755859e-03,-4.217665195465087891e-01,7.406711578369140625e-02,-1.467407941818237305e-01,7.762670516967773438e-03,-3.283450007438659668e-01,-1.286143064498901367e-02,-2.949026226997375488e-01,-3.915905952453613281e-03,-2.447312474250793457e-01,1.423662900924682617e-02,-1.182110309600830078e-01,-4.866206645965576172e-02,-2.924337983131408691e-01,-5.473089218139648438e-02,-2.466284036636352539e-01,-3.565192222595214844e-02,-1.941535472869873047e-01,-4.745393991470336914e-02,-1.025220751762390137e-01,-8.750051259994506836e-02,-2.356877923011779785e-01,-8.646154403686523438e-02,-2.033990025520324707e-01,-6.996798515319824219e-02,-1.602200269699096680e-01,1.000000000000000000e+01
0.000000000000000000e+00,0.000000000000000000e+00,4.378795623779296875e-02,-9.540736675262451172e-02,6.114387512207031250e-02,-2.325228452682495117e-01,3.580415248870849609e-02,-3.537646532058715820e-01,1.434332132339477539e-02,-4.451847374439239502e-01,1.157913804054260254e-01,-1.904633045196533203e-01,6.144696474075317383e-02,-3.507970273494720459e-01,1.790487766265869141e-02,-4.011148810386657715e-01,-2.585172653198242188e-03,-4.229802489280700684e-01,6.745594739913940430e-02,-1.492443680763244629e-01,3.864109516143798828e-03,-3.290520310401916504e-01,-1.782649755477905273e-02,-2.977929115295410156e-01,-9.905517101287841797e-03,-2.494280338287353516e-01,8.640110492706298828e-03,-1.180658936500549316e-01,-5.196624994277954102e-02,-2.933486104011535645e-01,-5.897152423858642578e-02,-2.470061779022216797e-01,-4.105156660079956055e-02,-1.937469244003295898e-01,-5.314993858337402344e-02,-9.993863105773925781e-02,-9.265917539596557617e-02,-2.349299788475036621e-01,-9.063166379928588867e-02,-2.037097215652465820e-01,-7.380026578903198242e-02,-1.597049832344055176e-01,1.000000000000000000e+01
0.000000000000000000e+00,0.000000000000000000e+00,4.521334171295166016e-02,-9.313458204269409180e-02,6.227540969848632812e-02,-2.325268983840942383e-01,3.864169120788574219e-02,-3.563982248306274414e-01,1.486843824386596680e-02,-4.492726325988769531e-01,1.177899837493896484e-01,-1.935188174247741699e-01,5.753397941589355469e-02,-3.621227741241455078e-01,1.365488767623901367e-02,-3.833174705505371094e-01,-1.319646835327148438e-04,-3.792195916175842285e-01,6.917124986648559570e-02,-1.501882076263427734e-01,2.266108989715576172e-03,-3.313134908676147461e-01,-1.989781856536865234e-02,-2.942434549331665039e-01,-1.049530506134033203e-02,-2.428705096244812012e-01,9.839177131652832031e-03,-1.192051768302917480e-01,-5.185288190841674805e-02,-2.913452982902526855e-01,-5.980789661407470703e-02,-2.437502741813659668e-01,-4.219162464141845703e-02,-1.912053823471069336e-01,-5.253124237060546875e-02,-1.026809811592102051e-01,-9.339284896850585938e-02,-2.348896265029907227e-01,-9.238189458847045898e-02,-2.006562352180480957e-01,-7.625079154968261719e-02,-1.575769186019897461e-01,1.000000000000000000e+01
0.000000000000000000e+00,0.000000000000000000e+00,4.577386379241943359e-02,-9.731054306030273438e-02,6.514072418212890625e-02,-2.390161752700805664e-01,4.279738664627075195e-02,-3.635282516479492188e-01,1.354038715362548828e-02,-4.532833695411682129e-01,1.199700236320495605e-01,-1.923275589942932129e-01,5.670899152755737305e-02,-3.605123758316040039e-01,1.201462745666503906e-02,-3.730103373527526855e-01,-2.550482749938964844e-03,-3.617892265319824219e-01,7.016777992248535156e-02,-1.496263146400451660e-01,2.711176872253417969e-03,-3.306319117546081543e-01,-1.737612485885620117e-02,-2.919942736625671387e-01,-7.344901561737060547e-03,-2.394340634346008301e-01,1.100033521652221680e-02,-1.192951798439025879e-01,-5.006563663482666016e-02,-2.941725254058837891e-01,-5.687695741653442383e-02,-2.459704279899597168e-01,-3.960680961608886719e-02,-1.925077438354492188e-01,-5.167317390441894531e-02,-1.026819944381713867e-01,-9.019190073013305664e-02,-2.362195849418640137e-01,-8.862072229385375977e-02,-2.007208466529846191e-01,-7.263183593750000000e-02,-1.570000052452087402e-01,1.000000000000000000e+01
0.000000000000000000e+00,0.000000000000000000e+00,4.567575454711914062e-02,-9.537041187286376953e-02,6.450980901718139648e-02,-2.382954359054565430e-01,4.135549068450927734e-02,-3.659161329269409180e-01,1.553648710250854492e-02,-4.562305808067321777e-01,1.187664270401000977e-01,-1.955549716949462891e-01,5.553489923477172852e-02,-3.644926548004150391e-01,1.461875438690185547e-02,-3.430003523826599121e-01,1.040858030319213867e-02,-3.029944896697998047e-01,7.035350799560546875e-02,-1.526974439620971680e-01,3.871619701385498047e-03,-3.346340656280517578e-01,-1.769953966140747070e-02,-2.932001352310180664e-01,-7.304370403289794922e-03,-2.400295734405517578e-01,1.206260919570922852e-02,-1.222569942474365234e-01,-4.877728223800659180e-02,-2.957721948623657227e-01,-5.750370025634765625e-02,-2.458267211914062500e-01,-4.059404134750366211e-02,-1.909274458885192871e-01,-5.060660839080810547e-02,-1.051872968673706055e-01,-8.987450599670410156e-02,-2.407835721969604492e-01,-8.927708864212036133e-02,-2.044180631637573242e-01,-7.314509153366088867e-02,-1.595523357391357422e-01,1.000000000000000000e+01
0.000000000000000000e+00,0.000000000000000000e+00,4.766094684600830078e-02,-9.699380397796630859e-02,6.712758541107177734e-02,-2.372723817825317383e-01,4.250103235244750977e-02,-3.619992136955261230e-01,1.121461391448974609e-02,-4.508403539657592773e-01,1.170195341110229492e-01,-1.940774321556091309e-01,5.572283267974853516e-02,-3.629041910171508789e-01,1.352196931838989258e-02,-3.542961180210113525e-01,5.595684051513671875e-03,-3.219018578529357910e-01,6.870979070663452148e-02,-1.521282792091369629e-01,2.487719058990478516e-03,-3.331854939460754395e-01,-2.063226699829101562e-02,-2.967068552970886230e-01,-1.147490739822387695e-02,-2.447581291198730469e-01,1.048213243484497070e-02,-1.227597594261169434e-01,-5.052870512008666992e-02,-2.960684895515441895e-01,-6.069105863571166992e-02,-2.496855258941650391e-01,-4.512661695480346680e-02,-1.943429112434387207e-01,-5.236840248107910156e-02,-1.077315807342529297e-01,-9.164440631866455078e-02,-2.439312338829040527e-01,-9.269601106643676758e-02,-2.126494646072387695e-01,-7.842510938644409180e-02,-1.679276227951049805e-01,1.000000000000000000e+01
0.000000000000000000e+00,0.000000000000000000e+00,4.344666004180908203e-02,-9.488165378570556641e-02,6.383568048477172852e-02,-2.331188321113586426e-01,4.065930843353271484e-02,-3.536366224288940430e-01,7.943630218505859375e-03,-4.397984743118286133e-01,1.145655512809753418e-01,-1.935912370681762695e-01,5.112749338150024414e-02,-3.590089678764343262e-01,4.680395126342773438e-03,-3.842197656631469727e-01,-1.515632867813110352e-02,-3.815607130527496338e-01,6.548380851745605469e-02,-1.516422629356384277e-01,-4.547297954559326172e-03,-3.295754492282867432e-01,-2.435714006423950195e-02,-2.937959432601928711e-01,-1.465982198715209961e-02,-2.430682182312011719e-01,6.600618362426757812e-03,-1.211544275283813477e-01,-5.722349882125854492e-02,-2.917574048042297363e-01,-6.365579366683959961e-02,-2.457776069641113281e-01,-4.680168628692626953e-02,-1.931471824645996094e-01,-5.627775192260742188e-02,-1.044076681137084961e-01,-9.688574075698852539e-02,-2.379322052001953125e-01,-9.565967321395874023e-02,-2.060872912406921387e-01,-8.044368028640747070e-02,-1.634494662284851074e-01,1.000000000000000000e+01
0.000000000000000000e+00,0.000000000000000000e+00,4.353421926498413086e-02,-9.355211257934570312e-02,6.400209665298461914e-02,-2.298626303672790527e-01,4.394042491912841797e-02,-3.484040796756744385e-01,1.526474952697753906e-02,-4.362483024597167969e-01,1.175717711448669434e-01,-1.947166323661804199e-01,5.470597743988037109e-02,-3.538475334644317627e-01,7.085204124450683594e-03,-4.019268155097961426e-01,-1.840192079544067383e-02,-4.202809631824493408e-01,6.904119253158569336e-02,-1.535451412200927734e-01,-1.433432102203369141e-03,-3.292273879051208496e-01,-2.202475070953369141e-02,-2.961797714233398438e-01,-1.343733072280883789e-02,-2.482284307479858398e-01,1.001626253128051758e-02,-1.231173872947692871e-01,-5.519026517868041992e-02,-2.926272153854370117e-01,-6.174677610397338867e-02,-2.479873895645141602e-01,-4.521250724792480469e-02,-1.964278817176818848e-01,-5.219131708145141602e-02,-1.056439280509948730e-01,-9.361666440963745117e-02,-2.389546036720275879e-01,-9.273260831832885742e-02,-2.078546285629272461e-01,-7.797163724899291992e-02,-1.655977368354797363e-01,1.000000000000000000e+01
0.000000000000000000e+00,0.000000000000000000e+00,4.246270656585693359e-02,-9.435576200485229492e-02,6.327599287033081055e-02,-2.335646748542785645e-01,4.147243499755859375e-02,-3.558787405490875244e-01,9.605824947357177734e-03,-4.456561803817749023e-01,1.173520684242248535e-01,-1.935919523239135742e-01,5.429321527481079102e-02,-3.598427772521972656e-01,7.352530956268310547e-03,-3.959231376647949219e-01,-1.506555080413818359e-02,-4.027997851371765137e-01,6.889253854751586914e-02,-1.528704762458801270e-01,-1.513779163360595703e-03,-3.320864439010620117e-01,-2.200537919998168945e-02,-2.936899065971374512e-01,-1.104873418807983398e-02,-2.420539259910583496e-01,1.018315553665161133e-02,-1.227590441703796387e-01,-5.470150709152221680e-02,-2.951278686523437500e-01,-6.227856874465942383e-02,-2.476266622543334961e-01,-4.371315240859985352e-02,-1.943441033363342285e-01,-5.210649967193603516e-02,-1.057453751564025879e-01,-9.401309490203857422e-02,-2.396743893623352051e-01,-9.425848722457885742e-02,-2.079612612724304199e-01,-7.857948541641235352e-02,-1.648976802825927734e-01,1.000000000000000000e+01
0.000000000000000000e+00,0.000000000000000000e+00,4.296571016311645508e-02,-9.574753046035766602e-02,6.372213363647460938e-02,-2.356971502304077148e-01,4.287797212600708008e-02,-3.582963645458221436e-01,1.183015108108520508e-02,-4.472514390945434570e-01,1.185868978500366211e-01,-1.961172819137573242e-01,5.197119712829589844e-02,-3.606054186820983887e-01,5.173265933990478516e-03,-3.817849755287170410e-01,-1.302611827850341797e-02,-3.768526911735534668e-01,6.886148452758789062e-02,-1.555830240249633789e-01,-2.917230129241943359e-03,-3.329467177391052246e-01,-2.402567863464355469e-02,-2.956073880195617676e-01,-1.430141925811767578e-02,-2.448872327804565430e-01,9.789347648620605469e-03,-1.261078119277954102e-01,-5.561739206314086914e-02,-2.957463860511779785e-01,-6.287425756454467773e-02,-2.499112486839294434e-01,-4.545897245407104492e-02,-1.985421776771545410e-01,-5.267560482025146484e-02,-1.101256608963012695e-01,-9.361302852630615234e-02,-2.436813116073608398e-01,-9.381037950515747070e-02,-2.112691998481750488e-01,-7.857370376586914062e-02,-1.692543625831604004e-01,1.000000000000000000e+01
0.000000000000000000e+00,0.000000000000000000e+00,4.492002725601196289e-02,-9.481245279312133789e-02,6.504434347152709961e-02,-2.356857061386108398e-01,4.254800081253051758e-02,-3.596191406250000000e-01,1.361823081970214844e-02,-4.497358202934265137e-01,1.209946870803833008e-01,-1.966989636421203613e-01,5.661964416503906250e-02,-3.615806698799133301e-01,1.032054424285888672e-02,-3.824726939201354980e-01,-8.178651332855224609e-03,-3.768488764762878418e-01,7.156723737716674805e-02,-1.574317216873168945e-01,6.092190742492675781e-04,-3.346571326255798340e-01,-1.857393980026245117e-02,-2.948287129402160645e-01,-7.686972618103027344e-03,-2.430287003517150879e-01,1.265799999237060547e-02,-1.288089156150817871e-01,-5.291390419006347656e-02,-2.985690236091613770e-01,-5.848377943038940430e-02,-2.500684857368469238e-01,-3.978765010833740234e-02,-1.985176205635070801e-01,-4.935359954833984375e-02,-1.123835444450378418e-01,-9.156793355941772461e-02,-2.443400621414184570e-01,-9.020304679870605469e-02,-2.090665698051452637e-01,-7.341241836547851562e-02,-1.667156815528869629e-01,1.000000000000000000e+01
0.000000000000000000e+00,0.000000000000000000e+00,4.460352659225463867e-02,-9.227705001831054688e-02,6.460875272750854492e-02,-2.324549555778503418e-01,4.338568449020385742e-02,-3.564055562019348145e-01,1.976287364959716797e-02,-4.493153691291809082e-01,1.211134195327758789e-01,-1.943414807319641113e-01,6.005942821502685547e-02,-3.621532320976257324e-01,1.325857639312744141e-02,-3.854852020740509033e-01,-5.892634391784667969e-03,-3.805410265922546387e-01,7.161104679107666016e-02,-1.556864380836486816e-01,4.004240036010742188e-03,-3.349402546882629395e-01,-1.650804281234741211e-02,-2.958450317382812500e-01,-6.946384906768798828e-03,-2.444953918457031250e-01,1.225036382675170898e-02,-1.281144618988037109e-01,-5.061787366867065430e-02,-2.993122935295104980e-01,-5.702370405197143555e-02,-2.502763271331787109e-01,-3.964447975158691406e-02,-1.985937952995300293e-01,-5.001318454742431641e-02,-1.132283210754394531e-01,-8.901256322860717773e-02,-2.451924085617065430e-01,-8.861184120178222656e-02,-2.095664143562316895e-01,-7.384490966796875000e-02,-1.673046350479125977e-01,1.000000000000000000e+01
0.000000000000000000e+00,0.000000000000000000e+00,4.641330242156982422e-02,-9.442591667175292969e-02,6.650757789611816406e-02,-2.365356087684631348e-01,4.501169919967651367e-02,-3.615019619464874268e-01,1.621526479721069336e-02,-4.525989294052124023e-01,1.194742918014526367e-01,-1.929613947868347168e-01,5.779564380645751953e-02,-3.601223528385162354e-01,1.168543100357055664e-02,-3.839410245418548584e-01,-6.833910942077636719e-03,-3.804004192352294922e-01,6.885904073715209961e-02,-1.548843383789062500e-01,2.005219459533691406e-03,-3.345512747764587402e-01,-1.835083961486816406e-02,-2.981577515602111816e-01,-9.191632270812988281e-03,-2.474923133850097656e-01,9.430289268493652344e-03,-1.276584267616271973e-01,-5.171835422515869141e-02,-2.990757226943969727e-01,-5.822640657424926758e-02,-2.519862055778503418e-01,-4.152601957321166992e-02,-2.004533410072326660e-01,-5.267637968063354492e-02,-1.130264401435852051e-01,-9.122025966644287109e-02,-2.439170479774475098e-01,-9.017199277877807617e-02,-2.092064023017883301e-01,-7.499855756759643555e-02,-1.675882339477539062e-01,1.000000000000000000e+01
0.000000000000000000e+00,0.000000000000000000e+00,4.467290639877319336e-02,-9.393048286437988281e-02,6.395512819290161133e-02,-2.356662750244140625e-01,4.148751497268676758e-02,-3.612240552902221680e-01,1.395809650421142578e-02,-4.513809084892272949e-01,1.181180477142333984e-01,-1.924775242805480957e-01,5.488151311874389648e-02,-3.616731166839599609e-01,9.425640106201171875e-03,-3.609378933906555176e-01,-2.149105072021484375e-03,-3.369878530502319336e-01,6.882715225219726562e-02,-1.534633040428161621e-01,1.090764999389648438e-03,-3.339486718177795410e-01,-2.084875106811523438e-02,-2.949743866920471191e-01,-1.156616210937500000e-02,-2.427054643630981445e-01,1.039433479309082031e-02,-1.259149909019470215e-01,-5.226361751556396484e-02,-2.967949509620666504e-01,-6.001442670822143555e-02,-2.481635808944702148e-01,-4.312515258789062500e-02,-1.953069567680358887e-01,-5.137133598327636719e-02,-1.108908653259277344e-01,-9.148836135864257812e-02,-2.402417659759521484e-01,-9.052109718322753906e-02,-2.041799426078796387e-01,-7.425326108932495117e-02,-1.619544625282287598e-01,1.000000000000000000e+01
0.000000000000000000e+00,0.000000000000000000e+00,4.587519168853759766e-02,-9.406727552413940430e-02,6.467086076736450195e-02,-2.344889044761657715e-01,4.371565580368041992e-02,-3.598280847072601318e-01,2.219378948211669922e-02,-4.524524211883544922e-01,1.185397505760192871e-01,-1.909419894218444824e-01,5.718612670898437500e-02,-3.605103492736816406e-01,1.212716102600097656e-02,-3.641479611396789551e-01,1.123487949371337891e-03,-3.447832763195037842e-01,6.940537691116333008e-02,-1.486014723777770996e-01,4.344522953033447266e-03,-3.315825462341308594e-01,-1.970440149307250977e-02,-2.958393692970275879e-01,-1.216697692871093750e-02,-2.445524930953979492e-01,1.050072908401489258e-02,-1.190488934516906738e-01,-4.926121234893798828e-02,-2.929180264472961426e-01,-5.847662687301635742e-02,-2.465037703514099121e-01,-4.264175891876220703e-02,-1.927911639213562012e-01,-5.202770233154296875e-02,-1.035755872726440430e-01,-9.049636125564575195e-02,-2.383656501770019531e-01,-8.994132280349731445e-02,-2.045393586158752441e-01,-7.431948184967041016e-02,-1.613422632217407227e-01,1.000000000000000000e+01
0.000000000000000000e+00,0.000000000000000000e+00,4.529279470443725586e-02,-9.439849853515625000e-02,6.419247388839721680e-02,-2.371513843536376953e-01,4.148519039154052734e-02,-3.641986548900604248e-01,1.459527015686035156e-02,-4.564277231693267822e-01,1.215010881423950195e-01,-1.894794106483459473e-01,5.805057287216186523e-02,-3.607515990734100342e-01,1.319366693496704102e-02,-3.619053661823272705e-01,1.306593418121337891e-03,-3.390769362449645996e-01,6.966954469680786133e-02,-1.492590308189392090e-01,1.127004623413085938e-03,-3.355582952499389648e-01,-2.058750391006469727e-02,-2.954491376876831055e-01,-1.080530881881713867e-02,-2.418991327285766602e-01,9.014308452606201172e-03,-1.218764185905456543e-01,-5.252361297607421875e-02,-2.985402941703796387e-01,-5.950939655303955078e-02,-2.492291927337646484e-01,-4.236608743667602539e-02,-1.951852440834045410e-01,-5.418533086776733398e-02,-1.081066131591796875e-01,-9.073173999786376953e-02,-2.420082688331604004e-01,-9.016859531402587891e-02,-2.058854103088378906e-01,-7.593351602554321289e-02,-1.625911593437194824e-01,1.000000000000000000e+01
0.000000000000000000e+00,0.000000000000000000e+00,4.726475477218627930e-02,-9.313654899597167969e-02,6.674093008041381836e-02,-2.341215610504150391e-01,4.388356208801269531e-02,-3.598971962928771973e-01,1.961755752563476562e-02,-4.526437520980834961e-01,1.221280097961425781e-01,-1.887178421020507812e-01,6.007719039916992188e-02,-3.603959977626800537e-01,1.683151721954345703e-02,-3.602021038532257080e-01,7.605910301208496094e-03,-3.381767272949218750e-01,7.248032093048095703e-02,-1.455469131469726562e-01,5.634665489196777344e-03,-3.306060433387756348e-01,-1.583391427993774414e-02,-2.926126122474670410e-01,-6.470203399658203125e-03,-2.397157549858093262e-01,1.304799318313598633e-02,-1.162440180778503418e-01,-4.822123050689697266e-02,-2.922859191894531250e-01,-5.583238601684570312e-02,-2.442502379417419434e-01,-3.898710012435913086e-02,-1.896365880966186523e-01,-4.980552196502685547e-02,-1.018090844154357910e-01,-8.884346485137939453e-02,-2.366939783096313477e-01,-8.780455589294433594e-02,-2.016827464103698730e-01,-7.219576835632324219e-02,-1.573573350906372070e-01,1.000000000000000000e+01
0.000000000000000000e+00,0.000000000000000000e+00,4.728913307189941406e-02,-9.835958480834960938e-02,6.800979375839233398e-02,-2.415484786033630371e-01,4.536229372024536133e-02,-3.673568964004516602e-01,1.478910446166992188e-02,-4.569702744483947754e-01,1.208469867706298828e-01,-1.903688311576843262e-01,5.653512477874755859e-02,-3.623072504997253418e-01,1.173722743988037109e-02,-3.584561944007873535e-01,1.821219921112060547e-03,-3.339610695838928223e-01,7.029372453689575195e-02,-1.475975513458251953e-01,3.704130649566650391e-03,-3.320056200027465820e-01,-1.772540807723999023e-02,-2.926425933837890625e-01,-7.586240768432617188e-03,-2.388153672218322754e-01,1.088696718215942383e-02,-1.189148426055908203e-01,-5.063247680664062500e-02,-2.954023480415344238e-01,-5.884742736816406250e-02,-2.463995218276977539e-01,-4.116582870483398438e-02,-1.914213895797729492e-01,-5.180132389068603516e-02,-1.039472222328186035e-01,-9.114831686019897461e-02,-2.378880381584167480e-01,-9.045004844665527344e-02,-2.022880911827087402e-01,-7.418870925903320312e-02,-1.579464673995971680e-01,1.000000000000000000e+01
0.000000000000000000e+00,0.000000000000000000e+00,4.747134447097778320e-02,-9.349995851516723633e-02,6.736433506011962891e-02,-2.356790304183959961e-01,4.531949758529663086e-02,-3.612351417541503906e-01,1.836693286895751953e-02,-4.528396129608154297e-01,1.213937997817993164e-01,-1.912667751312255859e-01,6.051182746887207031e-02,-3.619985580444335938e-01,1.530349254608154297e-02,-3.687109947204589844e-01,3.385305404663085938e-03,-3.531161248683929443e-01,7.174766063690185547e-02,-1.486793160438537598e-01,6.218373775482177734e-03,-3.316253423690795898e-01,-1.624780893325805664e-02,-2.937058806419372559e-01,-6.765127182006835938e-03,-2.408723831176757812e-01,1.240938901901245117e-02,-1.192139983177185059e-01,-4.847627878189086914e-02,-2.943869233131408691e-01,-5.718821287155151367e-02,-2.461602687835693359e-01,-3.974497318267822266e-02,-1.912561058998107910e-01,-4.987126588821411133e-02,-1.035741567611694336e-01,-8.934938907623291016e-02,-2.378879785537719727e-01,-8.934891223907470703e-02,-2.029339075088500977e-01,-7.363265752792358398e-02,-1.576485037803649902e-01,1.000000000000000000e+01
0.000000000000000000e+00,0.000000000000000000e+00,4.746168851852416992e-02,-9.590542316436767578e-02,6.544196605682373047e-02,-2.381237745285034180e-01,4.165261983871459961e-02,-3.645907640457153320e-01,1.603192090988159180e-02,-4.573698937892913818e-01,1.215509772300720215e-01,-1.931807994842529297e-01,5.790019035339355469e-02,-3.630292415618896484e-01,1.506310701370239258e-02,-3.655906617641448975e-01,5.957067012786865234e-03,-3.463445007801055908e-01,7.221865653991699219e-02,-1.502509117126464844e-01,5.003869533538818359e-03,-3.360114693641662598e-01,-1.689302921295166016e-02,-2.996246218681335449e-01,-8.006274700164794922e-03,-2.473177909851074219e-01,1.285600662231445312e-02,-1.200072765350341797e-01,-4.967391490936279297e-02,-2.971136569976806641e-01,-5.741447210311889648e-02,-2.495953440666198730e-01,-4.032230377197265625e-02,-1.951610445976257324e-01,-5.007743835449218750e-02,-1.038166284561157227e-01,-9.063947200775146484e-02,-2.394452691078186035e-01,-8.895534276962280273e-02,-2.048208117485046387e-01,-7.230508327484130859e-02,-1.598663330078125000e-01,1.000000000000000000e+01
0.000000000000000000e+00,0.000000000000000000e+00,4.809385538101196289e-02,-9.508836269378662109e-02,6.654173135757446289e-02,-2.376451492309570312e-01,4.246944189071655273e-02,-3.646149635314941406e-01,1.682817935943603516e-02,-4.581120312213897705e-01,1.216183304786682129e-01,-1.910030245780944824e-01,5.883371829986572266e-02,-3.622088432312011719e-01,1.452368497848510742e-02,-3.654226660728454590e-01,4.188656806945800781e-03,-3.452508449554443359e-01,7.159775495529174805e-02,-1.486884951591491699e-01,4.831492900848388672e-03,-3.347448110580444336e-01,-1.810580492019653320e-02,-2.986326217651367188e-01,-9.647846221923828125e-03,-2.461253404617309570e-01,1.189613342285156250e-02,-1.193109750747680664e-01,-4.978132247924804688e-02,-2.965955734252929688e-01,-5.789172649383544922e-02,-2.494230270385742188e-01,-4.092967510223388672e-02,-1.948220729827880859e-01,-5.098176002502441406e-02,-1.041120886802673340e-01,-9.013807773590087891e-02,-2.400848865509033203e-01,-8.922749757766723633e-02,-2.064054608345031738e-01,-7.334232330322265625e-02,-1.618883609771728516e-01,1.000000000000000000e+01
